Model,Best Column,Shape,Accuracy,F1 Score,Precision,Recall,Confusion Matrix,Y Probs
SVM,"Index(['temp_std', 'temp_kurtosis', 'temp_diff', 'temp_diff2', 'temp_q25',
       'temp_qdev', 'temp_max-min', 'gsr_kurtosis', 'gsr_max-min', 'rr_diff2',
       'rr_q25', 'HRV_pNN20', 'HRV_HTI', 'HRV_TINN', 'HRV_PIP', 'HRV_PSS',
       'HRV_SD1a', 'HRV_Ca', 'HRV_SDNNa', 'HRV_ApEn', 'min_SCR_Peaks',
       'max_SCR_Peaks', 'min_SCR_Height', 'max_SCR_Height', 'mean_SCR_Height',
       'max_SCR_Amplitude', 'min_SCR_Recovery', 'max_SCR_Recovery',
       'mean_SCR_Recovery'],
      dtype='object')",29,0.6839378238341969,0.7109004739336493,0.6637168141592921,0.7653061224489796,"[[57, 38], [23, 75]]","[0.5904219831594247, 0.4456944280546107, 0.6167421662691766, 0.441759585525598, 0.7640599216249546, 0.683190039422378, 0.5364848842351653, 0.4403431578415366, 0.4278185409574165, 0.2228609206539403, 0.3161999502082347, 0.4061598524034565, 0.38575522303104204, 0.46260804253493004, 0.48503271208595716, 0.5514608833291545, 0.5443379976814977, 0.39838828670009835, 0.5214430824604347, 0.43717051508177857, 0.4419108632671246, 0.356155726936741, 0.44997260151184165, 0.6062911590332721, 0.47828299251215534, 0.5693693505999355, 0.31601098934683625, 0.2307491281522504, 0.5137702668297508, 0.5109533460132765, 0.47978925665581584, 0.4741098414861526, 0.5946180968646458, 0.4658674444478775, 0.5071931517601708, 0.38998056578371537, 0.408458083645796, 0.4801595790781742, 0.533171005944771, 0.30930125169602274, 0.5462396892561147, 0.5964743538156245, 0.4794305090910816, 0.6027603943232669, 0.5844255360047078, 0.6545805997200846, 0.4028966610169387, 0.4597422645330898, 0.4897572053936511, 0.4283763624503294, 0.5551059207599263, 0.5300195965623815, 0.3555581266164168, 0.20318929240050831, 0.3971963359596389, 0.4078773104910872, 0.6316708504563785, 0.3290237707920245, 0.42396213397786575, 0.44216443081336787, 0.5358762440762369, 0.6220576719956142, 0.5427702383168402, 0.19367812685658733, 0.3763175699497878, 0.23267145345673837, 0.6161446243615756, 0.6359809600047123, 0.4449599724798061, 0.306886802098262, 0.48097480421095884, 0.3590665543080771, 0.5888369055084479, 0.46821500462256044, 0.6090139273817722, 0.4305646133704226, 0.34496020994368953, 0.6953410843030128, 0.613264162477893, 0.7441152687641768, 0.7619447982232221, 0.7679486253392022, 0.7364436384494698, 0.7323269368579076, 0.5672156607326178, 0.6103721579690652, 0.2841451558136873, 0.7436912864601611, 0.5254342246902318, 0.6420527878441618, 0.5242921289053938, 0.5470281661795533, 0.3570846938108692, 0.3590704225833964, 0.46085526553143336, 0.5374483455757278, 0.4364641578517466, 0.6380305391720176, 0.5401820442715931, 0.775899520020083, 0.562876941129248, 0.7156271146826269, 0.33675751210974797, 0.3970094019929936, 0.7172450390891238, 0.698390722185383, 0.5926135496454309, 0.6024727405375866, 0.5, 0.2990392209040238, 0.3862468919117014, 0.5183530068049691, 0.5065840087735572, 0.6430506364640387, 0.673323372147428, 0.7153970388351998, 0.5152293802575797, 0.5871001231184666, 0.5884130810257833, 0.7383248506140345, 0.688095381138481, 0.7327177195819876, 0.764766977241187, 0.6430612266218007, 0.7235799656372695, 0.7215184990861286, 0.7317453353910834, 0.7415387129539956, 0.7557199782301933, 0.6871529382286432, 0.7461128817057608, 0.5810962344529077, 0.5181285149308033, 0.5175130155417746, 0.23099254245923376, 0.5478293489674957, 0.6210672328621633, 0.5754779697642118, 0.7143658816322015, 0.644988697461057, 0.7242903565428626, 0.5, 0.7306581433759697, 0.6638911422555381, 0.695293164145748, 0.7298549265581017, 0.5363829611197753, 0.6911269126331782, 0.5656859587849608, 0.579418165864577, 0.4332376679467265, 0.542702819433534, 0.5582258152784968, 0.5998598725339587, 0.5921359742610725, 0.6694732531233196, 0.02049337118152346, 0.43635992358032, 0.08205814727082239, 0.5864942317789364, 0.804146686779208, 0.812592225126122, 0.2538222390033165, 0.47295086702882944, 0.4910947191209837, 0.7856640066197536, 0.7850440685186222, 0.7840955559952385, 0.6247569298242771, 0.40315495937213186, 0.49499700860905765, 0.804628089052351, 0.7948388726913768, 0.27166329902354003, 0.7855645073276221, 0.2865394659883666, 0.4436948563048571, 0.8335237807972098, 0.8091975424641533, 0.4688040112906627, 0.44200230529120593, 0.7206433376356958, 0.392886268114822, 0.4368662497262297, 0.8018046795009075, 0.7559640463296383, 0.3869166432162537, 0.26691573574709937, 0.3715284287022592, 0.40512990849269886, 0.5925251069119011, 0.5580609810520721, 0.30722735847882165]"
XGB,"Index(['temp_skew', 'temp_max-min', 'hr_mean', 'hr_skew', 'hr_kurtosis',
       'hr_diff', 'hr_diff2', 'hr_q25', 'hr_q75', 'hr_max-min', 'gsr_skew',
       'gsr_kurtosis', 'gsr_q25', 'gsr_max-min', 'rr_kurtosis', 'rr_diff',
       'rr_diff2', 'rr_q75', 'rr_qdev', 'HRV_CVNN', 'HRV_CVSD', 'HRV_MedianNN',
       'HRV_MCVNN', 'HRV_TINN', 'HRV_HF', 'HRV_LnHF', 'HRV_CSI', 'HRV_CVI',
       'HRV_CSI_Modified', 'HRV_IALS', 'HRV_SI', 'HRV_PI', 'HRV_C1a',
       'HRV_SD1d', 'HRV_SD1a', 'HRV_C2a', 'HRV_SD2a', 'HRV_Cd', 'HRV_SDNNa',
       'max_SCR_Onsets', 'mean_SCR_Onsets', 'mean_SCR_Peaks', 'max_SCR_Height',
       'mean_SCR_Height', 'min_SCR_Amplitude', 'max_SCR_Amplitude',
       'mean_SCR_RiseTime', 'min_SCR_Recovery', 'mean_SCR_Recovery',
       'min_SCR_RecoveryTime', 'max_SCR_RecoveryTime',
       'mean_SCR_RecoveryTime'],
      dtype='object')",52,0.7150259067357513,0.7208121827411168,0.7171717171717171,0.7244897959183674,"[[67, 28], [27, 71]]","[0.6732781529426575, 0.006731050089001656, 0.5999383330345154, 0.6212093830108643, 0.9085592031478882, 0.7265416979789734, 0.7193673253059387, 0.6907705664634705, 0.1290128082036972, 0.6057195067405701, 0.9404878616333008, 0.5480640530586243, 0.159122496843338, 0.5365216135978699, 0.05669090896844864, 0.8228033185005188, 0.6763777136802673, 0.18993090093135834, 0.43299832940101624, 0.3574691712856293, 0.07163775712251663, 0.2296578586101532, 0.8998875617980957, 0.6367543339729309, 0.9149491786956787, 0.17324019968509674, 0.09099170565605164, 0.15442383289337158, 0.7125360369682312, 0.14929413795471191, 0.9456760287284851, 0.8775191903114319, 0.23392879962921143, 0.3102295994758606, 0.3969663083553314, 0.19440656900405884, 0.07451409846544266, 0.33890560269355774, 0.17320849001407623, 0.15391871333122253, 0.5563139915466309, 0.26002228260040283, 0.5585904121398926, 0.8568727970123291, 0.5501055121421814, 0.9718518257141113, 0.33736762404441833, 0.45990023016929626, 0.11162899434566498, 0.14561022818088531, 0.7246783375740051, 0.9394614100456238, 0.30518701672554016, 0.007035686634480953, 0.17214378714561462, 0.7101479768753052, 0.7236851453781128, 0.14233136177062988, 0.032046932727098465, 0.10075296461582184, 0.8152282238006592, 0.5114019513130188, 0.42832106351852417, 0.08519744127988815, 0.013105688616633415, 0.10084480047225952, 0.8363398313522339, 0.7065134644508362, 0.09215772897005081, 0.01047954335808754, 0.03498729318380356, 0.02937346324324608, 0.3087245225906372, 0.016581330448389053, 0.5306792259216309, 0.45656463503837585, 0.04228063300251961, 0.9043736457824707, 0.1157800480723381, 0.9096349477767944, 0.9270546436309814, 0.899057924747467, 0.7792969346046448, 0.994032084941864, 0.18000134825706482, 0.7839022874832153, 0.20820294320583344, 0.7808749675750732, 0.8675880432128906, 0.9383334517478943, 0.3799695670604706, 0.1814614087343216, 0.25663676857948303, 0.8514652252197266, 0.5344507098197937, 0.7820402383804321, 0.10079865902662277, 0.39730700850486755, 0.05278861150145531, 0.9368779063224792, 0.5016205310821533, 0.696198582649231, 0.026577867567539215, 0.14604780077934265, 0.9489519596099854, 0.9097844362258911, 0.08107046037912369, 0.4620981514453888, 0.25549939274787903, 0.020724693313241005, 0.2684552073478699, 0.12743648886680603, 0.5642448663711548, 0.6975898742675781, 0.8703123331069946, 0.9834385514259338, 0.29358235001564026, 0.9719584584236145, 0.9764357209205627, 0.9796971678733826, 0.8477151989936829, 0.8066027164459229, 0.8686041235923767, 0.38764357566833496, 0.7689616680145264, 0.8547956347465515, 0.9257046580314636, 0.8451416492462158, 0.8447694778442383, 0.9516865611076355, 0.8800744414329529, 0.10794168710708618, 0.1707032471895218, 0.10491951555013657, 0.15272149443626404, 0.9723603129386902, 0.703370213508606, 0.030505506321787834, 0.8197990655899048, 0.9701855182647705, 0.8618587255477905, 0.056937992572784424, 0.9415767192840576, 0.6484801769256592, 0.8895139098167419, 0.8462212085723877, 0.7786394953727722, 0.7723410129547119, 0.4297974705696106, 0.8607385158538818, 0.6193949580192566, 0.7918307781219482, 0.8346960544586182, 0.24126674234867096, 0.11513859033584595, 0.7847510576248169, 0.06277298927307129, 0.5061301589012146, 0.05258794128894806, 0.6489617228507996, 0.7839941382408142, 0.2609134912490845, 0.22081439197063446, 0.753841757774353, 0.6863343119621277, 0.6967835426330566, 0.7946339845657349, 0.8597748875617981, 0.32658544182777405, 0.24782653152942657, 0.19992595911026, 0.6074181199073792, 0.4189901351928711, 0.05098094791173935, 0.08523725718259811, 0.1599453240633011, 0.48465773463249207, 0.518706202507019, 0.4762308895587921, 0.49731171131134033, 0.1723063439130783, 0.05379325896501541, 0.04244638979434967, 0.5378408432006836, 0.5833743214607239, 0.9625982046127319, 0.41295143961906433, 0.40044912695884705, 0.7837485671043396, 0.4323635995388031, 0.9280903935432434, 0.479459285736084, 0.08563914895057678]"
LR,"Index(['temp_q75', 'temp_qdev', 'hr_qdev', 'gsr_std', 'gsr_diff',
       'rr_kurtosis', 'rr_q25', 'HRV_CVI', 'max_SCR_Onsets',
       'min_SCR_Recovery'],
      dtype='object')",10,0.7098445595854922,0.7454545454545455,0.6721311475409836,0.8367346938775511,"[[55, 40], [16, 82]]","[0.5756214821059886, 0.47967778784945253, 0.6002275767824871, 0.3966103533890955, 0.6958303720780321, 0.6207951837490422, 0.5394884849184478, 0.4915081040241933, 0.42434158779752773, 0.3949213539623147, 0.4765257862927798, 0.5135766670342091, 0.47071023470756174, 0.5246502901070557, 0.5875890708593089, 0.6155682760532125, 0.5427890824259237, 0.4306015690382773, 0.5693907878163246, 0.4056888874117968, 0.5589755244688772, 0.42117356637379544, 0.5044891847927928, 0.5747335853465299, 0.5463237185398088, 0.554592588153206, 0.4466692266967608, 0.2773024582778855, 0.5917445019275471, 0.5293953008826789, 0.5331027792704729, 0.5025074126907878, 0.5266791991523171, 0.4340678326376838, 0.5414369041057652, 0.45695764837166136, 0.5349918603289817, 0.4510901079928406, 0.5832008867213556, 0.5419383787965742, 0.49645328546665984, 0.54911076495665, 0.482436317799464, 0.6011735770166632, 0.5105465451333112, 0.540907483668224, 0.4536055051366715, 0.4408067782734043, 0.5075838969493082, 0.358442104241137, 0.5293055899059914, 0.5611891977920929, 0.31375667195940266, 0.2681298289988804, 0.45794682049913443, 0.38637651151865815, 0.5830259268553162, 0.3995049474778794, 0.4597363361832964, 0.4669104182482686, 0.5205046868458332, 0.5648474064125177, 0.5410058805284236, 0.2968551525823968, 0.408380524176096, 0.2798320934116637, 0.5100460369721425, 0.6119962866768978, 0.3694811050095124, 0.3306799350062476, 0.4766675029635279, 0.47604764253115156, 0.6470130709626831, 0.48821609364796575, 0.5837771503720308, 0.45812399020291217, 0.4241106296364425, 0.5674805746826165, 0.492634635379238, 0.6557106771484826, 0.6575818023542666, 0.7178999041392657, 0.6643723956831349, 0.5533229526370724, 0.4891582242255425, 0.5572458928079946, 0.36460195823033936, 0.6761396334011863, 0.4874475875381721, 0.5108782467093984, 0.5329704360890433, 0.5101709035589846, 0.5118150093770375, 0.5005538464830122, 0.5551492709799579, 0.5660810735861119, 0.4629033809868285, 0.559420101022727, 0.531065200401952, 0.6883549913050306, 0.5798674497652018, 0.5761824778312472, 0.4058126675998343, 0.37993580229804974, 0.6254616707666318, 0.6251642493732684, 0.5427609580389031, 0.5257555364617711, 0.5489114791782199, 0.3312946937558253, 0.3660258813624803, 0.5053958175349165, 0.4726490859012273, 0.5581633213466151, 0.5468417142828834, 0.6147937711364204, 0.5254266517614822, 0.47070492993937485, 0.5181807816914304, 0.5918653741883597, 0.6149586609799237, 0.6208319634360459, 0.6672602909494899, 0.4668037211646492, 0.6157926089964711, 0.64843781398023, 0.6362018999211984, 0.6181323807328863, 0.6341717535553679, 0.6034308243659742, 0.6362906667433862, 0.3716170504276034, 0.5408133364700618, 0.4729726096023312, 0.29376685398721314, 0.5502938287718512, 0.5302536952255897, 0.48059097209418866, 0.6216817944496289, 0.6681506569889591, 0.6534238854730574, 0.4470246799440045, 0.5541838025493219, 0.6050866493662461, 0.5803303055270882, 0.6609989832502753, 0.6195980425883583, 0.5971297983167091, 0.4858354856764645, 0.45838517233635584, 0.4096412084449393, 0.5300596829271882, 0.5350945594760973, 0.5293649753410378, 0.5086709246801236, 0.7279509553980085, 0.025026585878047916, 0.5630744183108659, 0.5169678881603156, 0.5889020900630604, 0.8749098342706915, 0.8755330973695101, 0.47520925246860446, 0.5843419912057297, 0.4761527994711934, 0.8741150978673898, 0.8715613893770419, 0.840995473647193, 0.6098020808226268, 0.37068733628790834, 0.5188263654362352, 0.8687554998028022, 0.8810256141288141, 0.29622073330388005, 0.8855552794471662, 0.3281853234837669, 0.46222230105742057, 0.8986631498515574, 0.8654744915932668, 0.4236959616160879, 0.560599404441333, 0.8395373507282783, 0.47940940673407295, 0.49850968881935337, 0.9016737940844378, 0.6586367043107288, 0.38531369036200597, 0.09950657133219722, 0.3585372491052169, 0.5620729531867882, 0.5619910822846956, 0.5839144541861723, 0.17488873410377628]"
RF,"Index(['gsr_mean', 'HRV_MedianNN', 'HRV_MCVNN', 'HRV_HFn', 'HRV_IALS',
       'HRV_PSS', 'HRV_GI', 'HRV_SD1d', 'HRV_SD2a', 'min_SCR_Peaks',
       'max_SCR_Peaks', 'mean_SCR_Height', 'mean_SCR_Recovery'],
      dtype='object')",13,0.7512953367875648,0.7714285714285715,0.7232142857142857,0.826530612244898,"[[64, 31], [17, 81]]","[0.7131962662492057, 0.3543850649552976, 0.6937011124532346, 0.4635026704634142, 0.6738798767431311, 0.6438902107086173, 0.5656524905412355, 0.3007076010030746, 0.3415781400648337, 0.38712043777115, 0.4013291882328169, 0.3570043022339014, 0.28630329808956845, 0.35193120163059577, 0.45075143406514373, 0.4940029831992669, 0.6150864262536198, 0.5797457036106173, 0.6126706259504373, 0.27969223087676387, 0.4940269554211712, 0.4821033504186829, 0.28693907042615, 0.5356184093562077, 0.4590962448443426, 0.3888638479209433, 0.2544576561473387, 0.43071690180972505, 0.46404662113778916, 0.6010767284567745, 0.4596959915978975, 0.5803446935750577, 0.2839061103778502, 0.36690041043785687, 0.5899371573685316, 0.5833306346543748, 0.6042570950395163, 0.3762265575740042, 0.6086532152277124, 0.5416208827015067, 0.5193214661631425, 0.7445858444451069, 0.2486076306672834, 0.6936314400803748, 0.6440915937089386, 0.7582318588309745, 0.26800870894043155, 0.3759912265908696, 0.36227967812476225, 0.5479129823392258, 0.7039621726164229, 0.5755362485687123, 0.4550647527242884, 0.18578135266347404, 0.36864119387790795, 0.19150968367267238, 0.645510681957948, 0.23756192803272705, 0.17262261876145202, 0.33501016495044444, 0.622048618337685, 0.6677487726690903, 0.5552185003600907, 0.30782250849725246, 0.30487785002327894, 0.5234324849537972, 0.6346445973248296, 0.7129375625358662, 0.2659798992266807, 0.15812567252049017, 0.45984359115264484, 0.20483088402176647, 0.6277637502646817, 0.2458535471509477, 0.6981494000266852, 0.18652753536551805, 0.08545502188582596, 0.8533782945449612, 0.4769454495416198, 0.8349083111562482, 0.8257725906915997, 0.6724563492063492, 0.8644414649186954, 0.771519349999126, 0.3578218295491476, 0.7090593655724822, 0.3134834284986624, 0.8066923443677981, 0.5183182755830209, 0.793936507936508, 0.669035014627859, 0.41809004020869034, 0.2481705740790521, 0.5484861903198583, 0.5234436915108733, 0.6182154886417105, 0.3153469330015857, 0.5557307076325216, 0.27388997377740687, 0.866912771735283, 0.44869643845539364, 0.5919053257302855, 0.18029099207995658, 0.23357737729764974, 0.7735584527676189, 0.7925528196256093, 0.3169536503844404, 0.514774045940578, 0.3837563360668546, 0.3540365903582345, 0.34323983126555824, 0.1366318276099967, 0.5185499337845075, 0.6018429951783477, 0.649631367071111, 0.7584594759455908, 0.37685886266640184, 0.7595921389271496, 0.6877486772486773, 0.8687274387603398, 0.7734448321018896, 0.7496600918482896, 0.7412772733138587, 0.6615135853298195, 0.7167379791067549, 0.6572974324813529, 0.6076249137336095, 0.8281067559654519, 0.7926060903453378, 0.7735742732653549, 0.7775061894594417, 0.5230294383115602, 0.42015983666286016, 0.6039703459248791, 0.2133962284619482, 0.7777302453613156, 0.4713916471765773, 0.41936998264866604, 0.8208000534551736, 0.7172733731173628, 0.8110205660343817, 0.48089493398414845, 0.7023331271672932, 0.798018592847856, 0.8415154216778515, 0.6745709921649822, 0.6989988947867046, 0.8038082839907995, 0.3955915448727061, 0.5452278691712803, 0.5061965486319135, 0.6542010011176825, 0.5374006001952599, 0.4412029675613195, 0.4286105893693046, 0.7992833994708994, 0.43974269386739384, 0.5882578505203219, 0.6305141988929379, 0.6329678254405142, 0.7512962962962962, 0.7394153439153438, 0.43431788122788845, 0.45669767222424335, 0.46867160947049247, 0.7980651455026455, 0.7582357804232803, 0.8004986772486771, 0.5647645846690736, 0.4023902838594662, 0.5688945518149936, 0.795451058201058, 0.7945343915343914, 0.26056068691892503, 0.779029431216931, 0.4117547584024663, 0.5413415864022586, 0.8089183201058201, 0.7906851851851852, 0.507929951214206, 0.48946480363562833, 0.7879222883597883, 0.21804020556098427, 0.5085773831731487, 0.8037318121693122, 0.7783567874619073, 0.27237232530933025, 0.5149823865977615, 0.3766948425874067, 0.5086783179429497, 0.5510505433948947, 0.43231349086537735, 0.31995384011617906]"
MLP_Sklearn,"Index(['gsr_skew', 'gsr_q75', 'rr_std', 'rr_kurtosis', 'rr_max-min', 'HRV_HTI',
       'HRV_LnHF', 'HRV_PIP', 'HRV_PAS', 'HRV_GI', 'HRV_SI', 'HRV_AI',
       'HRV_PI', 'HRV_C1d', 'HRV_C1a', 'HRV_C2d', 'HRV_Cd', 'HRV_ApEn',
       'min_SCR_Onsets', 'max_SCR_Onsets', 'mean_SCR_Onsets', 'mean_SCR_Peaks',
       'min_SCR_Amplitude', 'max_SCR_RiseTime', 'max_SCR_Recovery'],
      dtype='object')",25,0.694300518134715,0.7064676616915423,0.6893203883495146,0.7244897959183674,"[[63, 32], [27, 71]]","[0.5415002724179102, 0.48130094125885, 0.5150627962772458, 0.45670785448851126, 0.569311727856547, 0.5262823175542803, 0.4814881166150386, 0.45726596951663695, 0.4162778315168727, 0.4172633243996182, 0.4613941886915476, 0.4249852775240866, 0.4734868138204736, 0.4892380330835426, 0.4876975062363895, 0.5131007632509053, 0.5218760606765465, 0.4705960375247189, 0.44737398422155206, 0.47835199757496594, 0.4358165653257762, 0.40480785656874885, 0.4767962543988059, 0.5041046517116057, 0.46694008238246587, 0.44957075832002635, 0.4014071546787745, 0.348057526813414, 0.4774411659017914, 0.5180630587553657, 0.5081643331505092, 0.4790996149486308, 0.503954190175318, 0.46240764686699615, 0.42907121240089413, 0.39117023244615196, 0.4421617539083425, 0.4852245332182918, 0.4962694031496067, 0.5015533148897009, 0.5008109097854734, 0.5215075373445194, 0.5172113176355868, 0.5143102190739954, 0.5316015684796354, 0.5320944319730198, 0.47717576571313863, 0.4503390924844868, 0.5125550576424699, 0.5099444015674319, 0.5133597594514452, 0.5059062713093356, 0.46394544936952276, 0.4131488653281801, 0.49832289934609275, 0.47555708983923706, 0.5328676331293115, 0.4699463708369312, 0.4713197238825169, 0.47016251012510796, 0.4759215292478131, 0.5327254711494437, 0.5140142386342132, 0.39433330558070995, 0.4593787145474303, 0.4241548065600857, 0.5129823708984563, 0.5318951889064073, 0.42017666540491044, 0.44079817940800525, 0.48005498133919805, 0.4590959127524957, 0.5363422064644782, 0.49421891195163625, 0.5360468881018474, 0.4564190347109067, 0.46023100365070674, 0.5352666107985157, 0.4816415692745032, 0.5657394029302683, 0.5855887262954702, 0.5896884955204013, 0.5671392722466556, 0.5530332008133931, 0.46462544399618516, 0.5211492731600217, 0.3911169511247328, 0.5785625336850406, 0.5168898642907988, 0.5614599763843705, 0.5272390092085711, 0.4952150983117162, 0.45777306062945744, 0.4173839327913765, 0.4825022230573664, 0.5320391275194628, 0.4838814790037633, 0.5296017768960305, 0.49066030762890067, 0.5752446656365588, 0.547502619105191, 0.5455310107408133, 0.4575114223553555, 0.47926665706465765, 0.5503041943528079, 0.5619731917362748, 0.5093295803668237, 0.531676195635216, 0.5246643913658144, 0.40610678091105284, 0.4564989815397548, 0.47605071535464655, 0.4966015149121322, 0.5473814307852741, 0.5490915256062111, 0.5794840129137768, 0.5031476133537781, 0.5510556769740801, 0.5738713268802911, 0.5745199161164234, 0.5581864394960411, 0.5456043845235017, 0.5591220902999726, 0.5109580027320763, 0.5378531094160831, 0.5447193250006267, 0.5464116652962907, 0.5567475691518486, 0.5459550400600872, 0.54837101231335, 0.5491093132568241, 0.49766242031382485, 0.5248901251577361, 0.510870690724813, 0.45077121418521193, 0.5511019699327795, 0.4882661672131054, 0.5255201715493035, 0.5911392511150626, 0.5709534456580088, 0.5809134395344557, 0.518064494958941, 0.5232820167566373, 0.5515162149757438, 0.5696445425336158, 0.5622717466444872, 0.5315062816908578, 0.542011901467434, 0.4898653653348179, 0.5363440732159781, 0.5050222730572284, 0.5240880429820045, 0.5486617768018921, 0.49841402115902084, 0.5199031052159512, 0.5399737923683849, 0.3909925653747367, 0.5252973595324569, 0.4894108689791719, 0.49287716155403716, 0.49469988950239746, 0.496118731855499, 0.3983547708389103, 0.4939035451082116, 0.4889285106598186, 0.5465126143265246, 0.5275148733508953, 0.5000166211082296, 0.5400179493756033, 0.46296589465750854, 0.4741618114019611, 0.5188073073006467, 0.505233559307137, 0.46088819148939836, 0.4591066714981178, 0.4347256685842857, 0.519719475668461, 0.534552385193333, 0.5174140092538354, 0.43797431302432627, 0.5323928083657821, 0.48174248436989325, 0.4671791798708043, 0.4862013283168711, 0.5500324511853256, 0.5893195615539999, 0.4641271218412921, 0.5001196222601, 0.49732957952759804, 0.5039415953548815, 0.5558753026360898, 0.47608312990215135, 0.4768860312623669]"
MLP_Keras,"Index(['temp_kurtosis', 'gsr_kurtosis', 'gsr_max-min', 'rr_mean',
       'rr_kurtosis', 'HRV_CVSD', 'HRV_MCVNN', 'HRV_TINN', 'HRV_PI',
       'HRV_ApEn', 'mean_SCR_Recovery'],
      dtype='object')",11,0.5751295336787565,0.5444444444444444,0.5975609756097561,0.5,"[[62, 33], [49, 49]]","[0.7745715379714966, 0.21868036687374115, 0.36830800771713257, 0.32917284965515137, 0.633143424987793, 0.7997454404830933, 0.3027299642562866, 0.3322050869464874, 0.49076563119888306, 0.20086222887039185, 0.316673219203949, 0.24437732994556427, 0.2810262441635132, 0.5938750505447388, 0.2977193295955658, 0.4699024558067322, 0.5180822610855103, 0.2326279580593109, 0.37611886858940125, 0.45383185148239136, 0.2745767831802368, 0.26180121302604675, 0.6143965721130371, 0.7359122633934021, 0.3524068593978882, 0.5152909755706787, 0.2014000564813614, 0.17931926250457764, 0.583579421043396, 0.4805632531642914, 0.46603333950042725, 0.45144447684288025, 0.7390717267990112, 0.5114010572433472, 0.45852774381637573, 0.2311365306377411, 0.19412952661514282, 0.4222041666507721, 0.4271823465824127, 0.24620233476161957, 0.6467347741127014, 0.827299177646637, 0.4394264221191406, 0.45451265573501587, 0.6794454455375671, 0.5971996188163757, 0.23035567998886108, 0.4721275269985199, 0.33524784445762634, 0.18133075535297394, 0.41413170099258423, 0.46697190403938293, 0.21477065980434418, 0.09269016981124878, 0.25638431310653687, 0.28563642501831055, 0.6998397707939148, 0.19257749617099762, 0.3121429979801178, 0.4977790117263794, 0.42710426449775696, 0.5394542217254639, 0.43546560406684875, 0.10828691720962524, 0.2932266294956207, 0.1250917613506317, 0.6578410267829895, 0.659434974193573, 0.3655778765678406, 0.2055596262216568, 0.308205783367157, 0.2089923918247223, 0.6183117032051086, 0.47185826301574707, 0.6789650321006775, 0.4419102966785431, 0.19556556642055511, 0.70697420835495, 0.6994328498840332, 0.7761463522911072, 0.8143822550773621, 0.8371793627738953, 0.8687399625778198, 0.7950900793075562, 0.45950403809547424, 0.8232439756393433, 0.2255217581987381, 0.8411266207695007, 0.6980955004692078, 0.7759387493133545, 0.3853414058685303, 0.48694103956222534, 0.22240228950977325, 0.20362715423107147, 0.32493576407432556, 0.5132799744606018, 0.31526342034339905, 0.5015977025032043, 0.41924968361854553, 0.7887680530548096, 0.7414821982383728, 0.6750224828720093, 0.1745254248380661, 0.2346716672182083, 0.7353274822235107, 0.6953567266464233, 0.33146893978118896, 0.420497328042984, 0.36951562762260437, 0.1743408739566803, 0.24392887949943542, 0.5035192966461182, 0.5119300484657288, 0.7327674031257629, 0.7547892332077026, 0.7275364398956299, 0.7420474886894226, 0.8250906467437744, 0.8048279285430908, 0.8356677889823914, 0.6941736340522766, 0.8571034073829651, 0.8155683875083923, 0.6536323428153992, 0.7286017537117004, 0.8674799799919128, 0.9181104302406311, 0.8003423810005188, 0.7835453748703003, 0.6498722434043884, 0.7971072196960449, 0.7554171085357666, 0.33063092827796936, 0.4342111349105835, 0.26186835765838623, 0.5642337203025818, 0.6479827761650085, 0.40305036306381226, 0.8371964693069458, 0.7570264339447021, 0.5504902601242065, 0.678588330745697, 0.6243228912353516, 0.6291337609291077, 0.7688266634941101, 0.8339638113975525, 0.23429210484027863, 0.7980246543884277, 0.5402724146842957, 0.736214816570282, 0.5088727474212646, 0.5538420081138611, 0.43304193019866943, 0.679336667060852, 0.6229450702667236, 0.48830360174179077, 0.02295931987464428, 0.43869906663894653, 0.10613494366407394, 0.3923417925834656, 0.7272060513496399, 0.4611758291721344, 0.15448451042175293, 0.27923232316970825, 0.3362382650375366, 0.4992786645889282, 0.4487318694591522, 0.49756038188934326, 0.6525530815124512, 0.2669111490249634, 0.37516191601753235, 0.45029789209365845, 0.26530301570892334, 0.15347640216350555, 0.3107943832874298, 0.22503916919231415, 0.5195693969726562, 0.4449942708015442, 0.4367206394672394, 0.40365660190582275, 0.28807011246681213, 0.25952383875846863, 0.17505063116550446, 0.2606002986431122, 0.4219169318675995, 0.7727495431900024, 0.42465075850486755, 0.09817881882190704, 0.2600845694541931, 0.34310609102249146, 0.3897852599620819, 0.5913712382316589, 0.12242186814546585]"
ESVM,"Index(['hr_qdev', 'gsr_q25', 'rr_diff', 'rr_qdev', 'HRV_HTI', 'HRV_PIP',
       'HRV_C1d', 'HRV_Ca', 'min_SCR_Height', 'mean_SCR_Recovery',
       'max_SCR_RecoveryTime'],
      dtype='object')",11,0.7098445595854922,0.7171717171717172,0.71,0.7244897959183674,"[[66, 29], [27, 71]]","[0.5033739601639028, 0.4980866878945891, 0.501919403077604, 0.49918972584639393, 0.5024520686051107, 0.5023227597617648, 0.4969319480499364, 0.4981970255209383, 0.4990437403789961, 0.496831543730267, 0.5007550491861592, 0.4984510800575386, 0.49935241792067553, 0.5011843986549783, 0.49990329662100685, 0.5020418372698859, 0.5024461477549661, 0.49643216206832264, 0.4971716209031817, 0.49938640174383686, 0.49699430091286695, 0.4916557348491739, 0.4984908653582996, 0.5006147382379332, 0.49928870857695384, 0.49590972860575583, 0.4971565375907421, 0.48869330035037245, 0.4989627178330126, 0.5019534026490895, 0.5008742236614524, 0.5006015995528698, 0.5009128319136239, 0.49512888263751936, 0.49833036807961323, 0.492815322149333, 0.5017125490619037, 0.49825494517712193, 0.5030536488930267, 0.5010539755917354, 0.502283580943686, 0.5014539995488982, 0.5018341293977209, 0.5012603320688339, 0.5013907755329666, 0.5020524813231069, 0.4980995227755281, 0.49720692699457275, 0.5008440255407843, 0.5003227377478948, 0.50185506519476, 0.5021018565747921, 0.49847908102583505, 0.49809640927452875, 0.5021757963984231, 0.5008693572539975, 0.5029483279190926, 0.49924660408151694, 0.49994326014762736, 0.49900381860095244, 0.4996044017279222, 0.5011993493479872, 0.4994321515174123, 0.49616213444620305, 0.4972392163282065, 0.4992128480665512, 0.500366719592725, 0.5017723735862382, 0.4990469987940445, 0.49740973989347237, 0.49821013773509326, 0.5014713061835042, 0.5047997195372361, 0.49992992387154217, 0.5027745995882124, 0.49869686174739125, 0.49781701979764176, 0.5019992430713064, 0.4994771001530099, 0.5044045413549324, 0.5049265737370137, 0.5058320106431561, 0.5043946594257503, 0.5029840445544845, 0.4994865886143966, 0.503688556884671, 0.49630926875003967, 0.5049151124023866, 0.500834306445234, 0.5034424644064337, 0.5018567027093632, 0.5013194574441833, 0.501153408938613, 0.5019428291799456, 0.5021476686545759, 0.5022068246597219, 0.4980629634085203, 0.5013353653659223, 0.5021249671148003, 0.5039862419739816, 0.501493932034596, 0.5017085874285739, 0.4990700201170573, 0.49814736645636015, 0.5030427850367157, 0.5038514004341468, 0.4978886983606984, 0.5011309593464265, 0.5014906007923933, 0.491121622635345, 0.49971838601958946, 0.4991859277957152, 0.5000038260286817, 0.5026556297548522, 0.5021538493246664, 0.5035503660659211, 0.4991287611481006, 0.4998743077562474, 0.5012568400617157, 0.5008281209449051, 0.49959880023863773, 0.5004816998408718, 0.5012785490244136, 0.4984673547463066, 0.49807857740868217, 0.5005238683977231, 0.5010571448736882, 0.5010913636938247, 0.5003324976527348, 0.500348664280461, 0.5005629606660088, 0.49941522340750233, 0.4990988895788689, 0.5015234004931307, 0.49635472661770397, 0.4992268786978424, 0.49770916409521454, 0.4996657851211111, 0.5019363095013923, 0.5028709868043336, 0.5020254330677839, 0.4962198387209418, 0.49978863241781674, 0.5016776214903816, 0.5013408675751936, 0.5016006754609436, 0.5009811934830433, 0.5005839223669335, 0.4993396280053852, 0.5025842423921776, 0.497577307795751, 0.49909319129370866, 0.5008240320794316, 0.4994199513679587, 0.4984225596145271, 0.5008842328935935, 0.49466171308329654, 0.4993559013202754, 0.4976993357711365, 0.4998192453458142, 0.5026098983455523, 0.5012887058404748, 0.4975313700260703, 0.4982036809970198, 0.4997039274947512, 0.5028007768876382, 0.5025522039274062, 0.5032859415167782, 0.49892788129079013, 0.4971755241059335, 0.5002013314714175, 0.5006026962639867, 0.5006947109807738, 0.4949548563117353, 0.49786185002827454, 0.49632513036961745, 0.498850892809207, 0.5028726193448666, 0.5008564028031155, 0.4981839427061267, 0.4969600753366054, 0.49905285196925786, 0.4963918580832298, 0.49592165789475917, 0.5024841520624521, 0.5031005949075092, 0.4975462522917696, 0.49995792781324344, 0.49864228121302034, 0.5003003068952065, 0.5020069940398695, 0.4992070525628461, 0.49659091208025047]"
WGLR,"Index(['temp_skew', 'temp_diff', 'temp_diff2', 'temp_qdev', 'temp_max-min',
       'gsr_std', 'rr_kurtosis', 'rr_q25', 'HRV_MeanNN', 'HRV_CVNN',
       'HRV_CVSD', 'HRV_pNN50', 'HRV_SD1SD2', 'HRV_CVI', 'HRV_CSI_Modified',
       'HRV_C1d', 'mean_SCR_Recovery'],
      dtype='object')",17,0.7305699481865285,0.761467889908257,0.6916666666666667,0.8469387755102041,"[[58, 37], [15, 83]]","[0.5634681158518257, 0.26545272260125596, 0.5762654215177515, 0.49709714331658916, 0.763086228676858, 0.5823239820705076, 0.5414591033810121, 0.3703041657713436, 0.44198439387215194, -0.0925769383108781, 0.16903568881922437, 0.4556365710306033, 0.4643287415820373, 0.3165129188892062, 0.5831711112468052, 0.5620991723127954, 0.49266612510605556, 0.3713620108064224, 0.5463183401363667, 0.3585873178721095, 0.5469280214113996, 0.2927484122652031, 0.18431761995048979, 0.636779545067423, 0.4742304671750368, 0.6630218908854566, 0.34225938170797776, 0.33121955516032064, 0.5488592266615936, 0.3630928527382058, 0.5376489693600824, 0.23652339714184079, 0.5437285023495128, 0.6070666087114381, 0.498370123568486, 0.8466632381170442, 0.5353455639406663, 0.38898183064767566, 0.5720176770456383, 0.2595038865763909, 0.4369477609615344, 0.551887178908849, 0.39196341915674604, 0.5478688432109914, 0.5498247243201843, 0.6632504942851691, 0.31540956377743634, 0.23161083706983954, 0.4459045217223506, 0.4401200094922906, 0.5584333914716871, 0.5206401870282499, 0.33199336719903594, 0.06943657437971917, 0.4325710450498349, 0.44295683248189255, 0.5738220820398048, 0.3526966649789437, 0.3712062392825024, 0.5248870129953327, 0.5449558530105826, 0.8848109994192459, 0.5175654966488783, 0.16621112572696894, 0.4011238479494911, 0.2501265287171214, 0.5827035716030148, 0.5598153819370526, 0.21557782527711655, 0.1599718274091353, 0.41747599102197064, 0.21226787054912843, 0.6187510996609152, 0.5104307840995457, 0.6297839350798947, 0.3767091764313233, 0.3024643188407766, 0.7558585323453619, 0.41574304625120195, 0.954554179791636, 0.898799169898406, 1.1579184201540902, 0.9947821204569933, 0.9390976413417206, 0.6936402746936785, 0.5694884083414096, 0.007360291013524867, 1.0460013614746175, 0.49116806716830763, 0.8829234628421795, 0.5412055566293986, 0.512075011984762, 0.07292156403517125, 0.2619086817734676, 0.5502987082013545, 0.5350953859470573, 0.34772226614122226, 0.5636137719557693, 0.5247340864148841, 1.0036253762462972, 0.5648641403298245, 0.5085602760598125, -0.14835924899262398, 0.281919026900197, 0.7295575109687253, 0.7554994034400062, 0.6204759131631871, 0.5025512997429245, 0.5480924359433363, -0.15537316948956748, 0.44641741373580646, 0.4252282318509274, 0.48107578131124595, 0.5667446446546263, 0.7247665598865722, 0.9185591016597876, 0.6212644221577331, 0.654513823872445, 0.8506636553882374, 0.8932785276760936, 0.9905041808264694, 0.9721472430897045, 1.0364806909658382, 0.8899070494654306, 1.1813621035368, 1.1066991907748862, 1.0804818582669673, 0.9030012437626822, 0.9293962251266281, 0.8052467159956223, 1.0142670027553773, 0.5209387325879788, 0.6850228400761178, 0.4725311486641337, -0.0495244568472446, 0.27483894766389905, 0.2708262944489781, 0.41940627524857776, 0.861915264925045, 0.8461440048510633, 0.9890183593302854, 0.2796268361881602, 0.7545317105792473, 0.6314371874511151, 0.8143178584067077, 0.9012226522832963, 1.007598088040852, 0.6472985948466841, 0.3975040443622787, 0.4119622843079431, 0.2927053388647157, 0.48009480146937034, 0.6602666935182468, 0.33423545744472183, 0.44739698002197026, 0.5936423426302642, -0.2364676187214778, 0.541735215767142, 0.18542840037369945, 0.52521892279925, 1.0160843831459483, 0.9312093460289588, 0.30020531131100436, 0.5421663336805421, 0.44157955149284, 0.7608432369992065, 0.9276244599584034, 0.950175396938022, 0.72561104555761, 0.28306404486378856, 0.5777355263954285, 0.9321675202819751, 0.9493570249431598, 0.3010551739384397, 0.9328959904158017, 0.24002351074646755, 0.3627909582138579, 0.9693512257679348, 0.9614631331229221, 0.3172446936745179, 0.4685364548468225, 0.8614601139099686, 0.42825169187408385, 0.4170582585523458, 0.8008395815262237, 0.949481658723623, 0.2726666716007483, 0.08464142860645807, 0.2268446731653696, 0.587925204250977, 0.4915464640680093, 0.41617960726487746, 0.04786823955472164]"
E7GB,"Index(['temp_qdev', 'gsr_mean', 'gsr_kurtosis', 'rr_kurtosis', 'rr_diff',
       'HRV_CVSD', 'HRV_MedianNN', 'HRV_MadNN', 'HRV_MCVNN', 'HRV_CVI',
       'HRV_IALS', 'HRV_C1a', 'HRV_SD1d', 'HRV_SD1a', 'HRV_C2a', 'HRV_SD2d',
       'HRV_Ca', 'HRV_SDNNd', 'mean_SCR_Onsets', 'max_SCR_Peaks',
       'mean_SCR_Peaks', 'min_SCR_Height', 'max_SCR_Amplitude',
       'mean_SCR_RiseTime', 'min_SCR_Recovery', 'max_SCR_Recovery',
       'mean_SCR_Recovery'],
      dtype='object')",27,0.7202072538860104,0.6931818181818182,0.782051282051282,0.6224489795918368,"[[78, 17], [37, 61]]","[0.45987676409229883, 0.33497839721089684, 0.5169001174923153, 0.4788058791669455, 0.620779364971066, 0.5704800429137328, 0.4433437208524093, 0.43677582683859595, 0.373482133379204, 0.32597625129313695, 0.4005587839235677, 0.39839537059090013, 0.31727244051798453, 0.40169640706769216, 0.40338850091236716, 0.5073048440675164, 0.5177670182286006, 0.4208463348369381, 0.42410010143698396, 0.3036301354720334, 0.40327869544088124, 0.3272844999993507, 0.3103493839783332, 0.542778802256326, 0.39367220366475997, 0.46154675985901644, 0.3360190673202864, 0.36061593774128575, 0.514746629754534, 0.5016488663698014, 0.3695090483405741, 0.43059921609276675, 0.35738336383255076, 0.4237513358802987, 0.5022661026087895, 0.3650218008442081, 0.4257082480471808, 0.30853022563050836, 0.4978049353080463, 0.47685291857651557, 0.49027365072049395, 0.5522179914781272, 0.3271073080430007, 0.5429404742309583, 0.5629990833677998, 0.5568885342855188, 0.35087417067875865, 0.342134844258533, 0.39253844864838106, 0.5160567325185372, 0.5566051572949693, 0.5000533996664366, 0.41733350849948725, 0.26040860968706014, 0.41387422373148997, 0.36971523610839935, 0.5625225314888147, 0.3516548338058922, 0.32063925345772115, 0.34468076714920215, 0.4780498267829178, 0.5275696132045932, 0.42590897353102075, 0.3727756410214868, 0.34262904783657, 0.349581219303727, 0.4845199681605449, 0.5984418187286971, 0.3104061051945026, 0.2705001801265473, 0.4126195460983656, 0.23972960517888847, 0.5091984558875097, 0.30130449436690937, 0.5746839146678859, 0.28864332774872536, 0.2333066548254978, 0.5539707174572329, 0.34860060672048476, 0.5921594739700724, 0.6232623081767881, 0.6054579318901943, 0.6176456293939904, 0.6185364617285503, 0.35733864031746343, 0.47334902423108605, 0.3329914333268446, 0.5999405634147721, 0.48160085247877293, 0.5442232611028092, 0.5556781016546244, 0.35902950933914557, 0.23945776135763946, 0.4060547441886831, 0.3917532728795423, 0.5382499542980962, 0.3781918763470087, 0.4448315309279929, 0.28822977775228886, 0.6103238848855228, 0.5124434603978221, 0.5405080462471485, 0.2723376893897197, 0.2684701958516047, 0.581973841893814, 0.6154505182561176, 0.3239811788890822, 0.3729057562850708, 0.4108368880603884, 0.3168859390387965, 0.2416476967287897, 0.25724369032801264, 0.32525701825675557, 0.5254058395683193, 0.5746788299824904, 0.5666912148426222, 0.4060533923657563, 0.5527622156084028, 0.5148481732161553, 0.6004352735561824, 0.5289678626177716, 0.550768466084588, 0.5786038135728604, 0.4888974070334571, 0.5692877651765383, 0.5323303880744696, 0.506962230726533, 0.582464410133184, 0.566109834018123, 0.5538823930014907, 0.5786795246889604, 0.4865566186529172, 0.43963537700252386, 0.38451637537165373, 0.24960508375206356, 0.596328799209023, 0.4827319839877161, 0.439756859462766, 0.5913921521779497, 0.5390383821442303, 0.6000114183002647, 0.4494616523984494, 0.5720613339458088, 0.5743404059208448, 0.5789698178178913, 0.5544419099500861, 0.545651519525386, 0.5565624752935721, 0.3865356672602751, 0.39996650904327136, 0.40022957946349746, 0.5111080539975154, 0.45506411407544334, 0.3568120173738083, 0.4625755524463519, 0.5413832053497825, 0.4235903289519809, 0.5236275698843479, 0.39648989716310207, 0.4665924698583802, 0.5260219292795201, 0.5228862040427527, 0.41172234823476095, 0.44096996741200495, 0.40210816460019744, 0.5376802312592653, 0.5728709898338333, 0.5149201738493837, 0.4942736547946737, 0.3649340017255077, 0.48338122117672666, 0.5613810106619357, 0.5392603684690552, 0.3443793194413217, 0.5347449294790712, 0.34434428490964875, 0.4063711597007535, 0.568245182529462, 0.5235435869212786, 0.43600445333272286, 0.4207634933507163, 0.4875577218276367, 0.3746219965043126, 0.47031316245658966, 0.5685531768088208, 0.5850355748695698, 0.3677770605500724, 0.4736958054774598, 0.4231558417307998, 0.4874757513267728, 0.5753224255262643, 0.4603769762856035, 0.34591720679641613]"
